/*
Navicat MySQL Data Transfer

Source Server         : localhost_3306
Source Server Version : 80026
Source Host           : localhost:3306
Source Database       : tcmy

Target Server Type    : MYSQL
Target Server Version : 80026
File Encoding         : 65001

Date: 2023-03-17 21:43:37
*/

SET FOREIGN_KEY_CHECKS=0;

-- ----------------------------
-- Table structure for address_book
-- ----------------------------
DROP TABLE IF EXISTS `address_book`;
CREATE TABLE `address_book` (
  `id` bigint NOT NULL COMMENT '主键',
  `user_id` bigint NOT NULL COMMENT '用户id',
  `consignee` varchar(50) COLLATE utf8_bin NOT NULL COMMENT '收货人',
  `sex` tinyint NOT NULL COMMENT '性别 0 女 1 男',
  `phone` varchar(11) COLLATE utf8_bin NOT NULL COMMENT '手机号',
  `province_code` varchar(12) CHARACTER SET utf8mb4 COLLATE utf8mb4_0900_ai_ci DEFAULT NULL COMMENT '省级区划编号',
  `province_name` varchar(32) CHARACTER SET utf8mb4 COLLATE utf8mb4_0900_ai_ci DEFAULT NULL COMMENT '省级名称',
  `city_code` varchar(12) CHARACTER SET utf8mb4 COLLATE utf8mb4_0900_ai_ci DEFAULT NULL COMMENT '市级区划编号',
  `city_name` varchar(32) CHARACTER SET utf8mb4 COLLATE utf8mb4_0900_ai_ci DEFAULT NULL COMMENT '市级名称',
  `district_code` varchar(12) CHARACTER SET utf8mb4 COLLATE utf8mb4_0900_ai_ci DEFAULT NULL COMMENT '区级区划编号',
  `district_name` varchar(32) CHARACTER SET utf8mb4 COLLATE utf8mb4_0900_ai_ci DEFAULT NULL COMMENT '区级名称',
  `detail` varchar(200) CHARACTER SET utf8mb4 COLLATE utf8mb4_0900_ai_ci DEFAULT NULL COMMENT '详细地址',
  `label` varchar(100) CHARACTER SET utf8mb4 COLLATE utf8mb4_0900_ai_ci DEFAULT NULL COMMENT '标签',
  `is_default` tinyint(1) NOT NULL DEFAULT '0' COMMENT '默认 0 否 1是',
  `create_time` datetime NOT NULL COMMENT '创建时间',
  `update_time` datetime NOT NULL COMMENT '更新时间',
  `create_user` bigint NOT NULL COMMENT '创建人',
  `update_user` bigint NOT NULL COMMENT '修改人',
  `is_deleted` int NOT NULL DEFAULT '0' COMMENT '是否删除',
  PRIMARY KEY (`id`)
) ENGINE=InnoDB DEFAULT CHARSET=utf8mb3 COLLATE=utf8_bin COMMENT='地址管理';

-- ----------------------------
-- Records of address_book
-- ----------------------------
INSERT INTO `address_book` VALUES ('1417414526093082626', '1417012167126876162', '小明', '1', '13812345678', null, null, null, null, null, null, '昌平区金燕龙办公楼', '公司', '1', '2021-07-20 17:22:12', '2021-07-20 17:26:33', '1417012167126876162', '1417012167126876162', '0');
INSERT INTO `address_book` VALUES ('1417414926166769666', '1417012167126876162', '小李', '1', '13512345678', null, null, null, null, null, null, '测试', '家', '0', '2021-07-20 17:23:47', '2021-07-20 17:23:47', '1417012167126876162', '1417012167126876162', '0');
INSERT INTO `address_book` VALUES ('1632325970834812929', '1', '周周周', '1', '18633334444', null, null, null, null, null, null, '河南省郑州市', '公司', '1', '2023-03-05 18:23:33', '2023-03-05 18:23:37', '1', '1', '0');
INSERT INTO `address_book` VALUES ('1632328423420497921', '1631852373347459073', '周宇豪', '1', '18623882588', null, null, null, null, null, null, '河南省平顶山市', '公司', '1', '2023-03-05 18:33:18', '2023-03-10 18:00:59', '1631852373347459073', '1631852373347459073', '0');
INSERT INTO `address_book` VALUES ('1632661573577220098', '1632661282240864258', '石昊', '1', '15677778888', null, null, null, null, null, null, 'a', '家', '0', '2023-03-06 16:37:07', '2023-03-08 15:37:22', '1632661282240864258', '1632661282240864258', '0');
INSERT INTO `address_book` VALUES ('1632661728158294017', '1632661282240864258', '铃木', '1', '15666665555', null, null, null, null, null, null, '河南', '公司', '1', '2023-03-06 16:37:44', '2023-03-08 17:24:21', '1632661282240864258', '1632661282240864258', '0');
INSERT INTO `address_book` VALUES ('1633393406791135234', '1631852373347459073', '韩', '1', '18777776666', null, null, null, null, null, null, '平顶山', '学校', '0', '2023-03-08 17:05:10', '2023-03-08 17:08:42', '1631852373347459073', '1631852373347459073', '0');

-- ----------------------------
-- Table structure for category
-- ----------------------------
DROP TABLE IF EXISTS `category`;
CREATE TABLE `category` (
  `id` bigint NOT NULL COMMENT '主键',
  `type` int DEFAULT NULL COMMENT '类型   1 药品分类 2 活动分类',
  `name` varchar(64) COLLATE utf8_bin NOT NULL COMMENT '分类名称',
  `sort` int NOT NULL DEFAULT '0' COMMENT '顺序',
  `create_time` datetime NOT NULL COMMENT '创建时间',
  `update_time` datetime NOT NULL COMMENT '更新时间',
  `create_user` bigint NOT NULL COMMENT '创建人',
  `update_user` bigint NOT NULL COMMENT '修改人',
  `is_deleted` int DEFAULT '0',
  PRIMARY KEY (`id`),
  UNIQUE KEY `idx_category_name` (`name`)
) ENGINE=InnoDB DEFAULT CHARSET=utf8mb3 COLLATE=utf8_bin COMMENT='药品及活动分类';

-- ----------------------------
-- Records of category
-- ----------------------------
INSERT INTO `category` VALUES ('1397844263642378242', '1', '感冒发烧', '1', '2021-05-27 09:16:58', '2023-03-05 20:16:02', '1', '1', '0');
INSERT INTO `category` VALUES ('1397844303408574465', '1', '清热解毒 ', '2', '2021-05-27 09:17:07', '2021-06-02 14:27:22', '1', '1', '0');
INSERT INTO `category` VALUES ('1397844391040167938', '1', '慢病用药', '3', '2021-05-27 09:17:28', '2021-07-09 14:37:13', '1', '1', '0');
INSERT INTO `category` VALUES ('1413341197421846529', '1', '儿童用药', '4', '2021-07-09 11:36:15', '2021-07-09 14:39:15', '1', '1', '0');
INSERT INTO `category` VALUES ('1413342269393674242', '1', '肠胃用药', '5', '2021-07-09 11:40:30', '2021-07-09 14:43:45', '1', '1', '0');
INSERT INTO `category` VALUES ('1413384954989060097', '1', '五官用药', '6', '2021-07-09 14:30:07', '2021-07-09 14:39:19', '1', '1', '0');
INSERT INTO `category` VALUES ('1413386191767674881', '1', '保健药品', '7', '2021-07-09 14:35:02', '2021-07-09 14:39:05', '1', '1', '0');
INSERT INTO `category` VALUES ('1631229403381989378', '1', '止痛用药', '8', '2023-03-02 17:46:11', '2023-03-02 17:46:11', '1', '1', '0');
INSERT INTO `category` VALUES ('1631233729609392130', '1', '消炎止痛', '9', '2023-03-02 18:03:23', '2023-03-06 16:24:50', '1', '1', '0');
INSERT INTO `category` VALUES ('1632269614178234370', '1', '心脑血管', '10', '2023-03-05 14:39:37', '2023-03-05 14:39:47', '1', '1', '0');
INSERT INTO `category` VALUES ('1632651602613624834', '1', '跌打损伤', '11', '2023-03-06 15:57:30', '2023-03-06 15:57:38', '1', '1', '0');

-- ----------------------------
-- Table structure for employee
-- ----------------------------
DROP TABLE IF EXISTS `employee`;
CREATE TABLE `employee` (
  `id` bigint NOT NULL COMMENT '主键',
  `name` varchar(32) COLLATE utf8_bin NOT NULL COMMENT '姓名',
  `username` varchar(32) COLLATE utf8_bin NOT NULL COMMENT '用户名',
  `password` varchar(64) COLLATE utf8_bin NOT NULL COMMENT '密码',
  `phone` varchar(11) COLLATE utf8_bin NOT NULL COMMENT '手机号',
  `sex` varchar(2) COLLATE utf8_bin NOT NULL COMMENT '性别',
  `id_number` varchar(18) COLLATE utf8_bin NOT NULL COMMENT '身份证号',
  `status` int NOT NULL DEFAULT '1' COMMENT '状态 0:禁用，1:正常',
  `create_time` datetime NOT NULL COMMENT '创建时间',
  `update_time` datetime NOT NULL COMMENT '更新时间',
  `create_user` bigint NOT NULL COMMENT '创建人',
  `update_user` bigint NOT NULL COMMENT '修改人',
  PRIMARY KEY (`id`),
  UNIQUE KEY `idx_username` (`username`)
) ENGINE=InnoDB DEFAULT CHARSET=utf8mb3 COLLATE=utf8_bin COMMENT='员工信息';

-- ----------------------------
-- Records of employee
-- ----------------------------
INSERT INTO `employee` VALUES ('1', '管理员', 'admin', 'e10adc3949ba59abbe56e057f20f883e', '13812312312', '1', '110101199001010047', '1', '2021-05-06 17:20:07', '2023-03-08 17:39:22', '1', '1');
INSERT INTO `employee` VALUES ('1631225805398966273', '周', '2019240011', 'e10adc3949ba59abbe56e057f20f883e', '15688888814', '0', '410221200202214577', '1', '2023-03-02 17:31:53', '2023-03-05 14:38:49', '1', '1');
INSERT INTO `employee` VALUES ('1632269540584976386', '马', '2019240033', 'e10adc3949ba59abbe56e057f20f883e', '15688888814', '1', '410229888822228888', '1', '2023-03-05 14:39:19', '2023-03-05 20:15:25', '1', '1');
INSERT INTO `employee` VALUES ('1632354219216359425', '韩', '2019240022', 'e10adc3949ba59abbe56e057f20f883e', '18899776665', '1', '410221199988887777', '1', '2023-03-05 20:15:48', '2023-03-08 14:27:38', '1', '1');
INSERT INTO `employee` VALUES ('1633353893876404225', '222', '222', 'e10adc3949ba59abbe56e057f20f883e', '18766665555', '1', '410999222299991111', '0', '2023-03-08 14:28:09', '2023-03-08 14:28:20', '1', '1');

-- ----------------------------
-- Table structure for medicine
-- ----------------------------
DROP TABLE IF EXISTS `medicine`;
CREATE TABLE `medicine` (
  `id` bigint NOT NULL COMMENT '主键',
  `name` varchar(64) COLLATE utf8_bin NOT NULL COMMENT '药品名称',
  `category_id` bigint NOT NULL COMMENT '药品分类id',
  `price` decimal(10,2) DEFAULT NULL COMMENT '药品价格',
  `code` varchar(64) COLLATE utf8_bin NOT NULL COMMENT '商品码',
  `image` varchar(200) COLLATE utf8_bin NOT NULL COMMENT '图片',
  `description` varchar(400) COLLATE utf8_bin DEFAULT NULL COMMENT '描述信息',
  `status` int NOT NULL DEFAULT '1' COMMENT '0 停售 1 起售',
  `sort` int NOT NULL DEFAULT '0' COMMENT '顺序',
  `create_time` datetime NOT NULL COMMENT '创建时间',
  `update_time` datetime NOT NULL COMMENT '更新时间',
  `create_user` bigint NOT NULL COMMENT '创建人',
  `update_user` bigint NOT NULL COMMENT '修改人',
  `is_deleted` int NOT NULL DEFAULT '0' COMMENT '是否删除',
  PRIMARY KEY (`id`),
  UNIQUE KEY `idx_dish_name` (`name`)
) ENGINE=InnoDB DEFAULT CHARSET=utf8mb3 COLLATE=utf8_bin COMMENT='药品管理';

-- ----------------------------
-- Records of medicine
-- ----------------------------
INSERT INTO `medicine` VALUES ('1397823140982161409', '大山楂丸', '1413342269393674242', '1200.00', '123423541234', 'ef20ef25-7c46-48d9-b2e2-d9946156bfe1.jpg', '健胃强脾', '1', '0', '2021-05-27 09:40:19', '2023-03-06 19:07:54', '1', '1', '0');
INSERT INTO `medicine` VALUES ('1397844339276890114', '健胃消食片', '1413342269393674242', '1600.00', '12312421331', '61a5fd06-05dd-408c-bd31-0bd2856fe96d.jpg', '健胃消食', '1', '0', '2021-05-27 09:38:43', '2023-03-06 19:01:33', '1', '1', '0');
INSERT INTO `medicine` VALUES ('1397849739276890114', '苯磺酸氨氯地平片', '1397844391040167938', '7800.00', '222222222', 'eb998f8c-b4b4-496d-a199-d87ab7208b42.jpg', '高血压，慢性稳定性心绞痛及变异性心绞痛', '1', '0', '2021-05-27 09:38:43', '2023-03-06 18:46:10', '1', '1', '0');
INSERT INTO `medicine` VALUES ('1397850140982161409', '硝苯地平控释片', '1397844391040167938', '6800.00', '123412341234', 'd5de48a0-e1d6-4c19-b8f7-8872ad3c600b.jpg', '高血压，冠心病，慢性稳定性心绞痛(劳累性心绞痛)', '1', '0', '2021-05-27 09:40:19', '2023-03-08 15:36:06', '1', '1631852373347459073', '0');
INSERT INTO `medicine` VALUES ('1397850312090947585', '乳酸菌素片', '1413342269393674242', '2300.00', '1234678341234', 'f7dc2f70-0d99-4d63-bf69-de4c0505942b.jpg', '增加肠道细菌', '1', '0', '2021-05-27 09:41:19', '2023-03-06 19:06:20', '1', '1', '0');
INSERT INTO `medicine` VALUES ('1397850392090947585', '厄贝沙坦片', '1397844391040167938', '4800.00', '123412341234', 'd937707f-01ba-4c7a-8155-3653ae9f3488.jpg', '原发性高血压，合并高血压的2型糖尿病肾病', '1', '0', '2021-05-27 09:41:19', '2023-03-06 18:44:14', '1', '1', '0');
INSERT INTO `medicine` VALUES ('1397850851245340769', '香砂六君丸', '1413342269393674242', '3700.00', '123235341234', '67a71039-44ae-41cd-a23d-6a3004dc2dc9.jpg', '健胃', '1', '0', '2021-05-27 09:43:08', '2023-03-06 19:04:58', '1', '1', '0');
INSERT INTO `medicine` VALUES ('1397850851245600769', '替米沙坦胶囊', '1397844391040167938', '3700.00', '123412341234', '20201172-123d-4251-82f1-50feb4815df0.jpg', '原发性高血压', '1', '0', '2021-05-27 09:43:08', '2023-03-06 18:42:02', '1', '1', '0');
INSERT INTO `medicine` VALUES ('1397851099502260226', '呋塞米片', '1397844391040167938', '1600.00', '23412341234', 'b2fcf1ff-597f-4e19-aa0d-2dae0faf6c34.jpg', '水肿性疾病，高血压，急性肾功能衰竭，高钾血症，高钙血症', '1', '0', '2021-05-27 09:44:08', '2023-03-06 18:41:43', '1', '1', '0');
INSERT INTO `medicine` VALUES ('1397851099802260226', '复方鸡内金片', '1413342269393674242', '2700.00', '234073341234', '6c4cfaa6-e0c2-421a-a7ef-7db0a302090c.jpg', '滋补气血，健胃强脾', '1', '0', '2021-05-27 09:44:08', '2023-03-06 19:03:43', '1', '1', '0');
INSERT INTO `medicine` VALUES ('1632643404913516546', '对乙酰氨基酚缓释片', '1397844263642378242', '3900.00', '', '3eb61c67-3118-4701-8f3d-8741e7905c4b.jpg', '快速缓解全身疼痛，退热', '1', '0', '2023-03-06 15:24:55', '2023-03-06 15:34:24', '1', '1', '0');
INSERT INTO `medicine` VALUES ('1632650283114930177', '都梁软胶囊', '1397844263642378242', '6500.00', '', '97380471-4ed0-47b6-99f2-ad27de9c8372.jpg', '祛风散寒，用于头疼发热', '1', '0', '2023-03-06 15:52:15', '2023-03-06 16:33:41', '1', '1', '0');
INSERT INTO `medicine` VALUES ('1632651166292762625', '元胡止痛滴丸', '1631229403381989378', '4800.00', '', '017f412b-26a4-462b-b1cc-0ecdd1c65a49.jpg', '理气、活血、止痛', '1', '0', '2023-03-06 15:55:46', '2023-03-06 16:33:18', '1', '1', '0');
INSERT INTO `medicine` VALUES ('1632651556673413121', '养血荣筋丸', '1632651602613624834', '6900.00', '', 'e26eef3e-53fb-42ce-a11e-0da7b1831b2c.jpg', '用于跌打损伤，养筋，活血化瘀', '1', '0', '2023-03-06 15:57:19', '2023-03-06 15:58:12', '1', '1', '0');
INSERT INTO `medicine` VALUES ('1632652329398427650', '布洛芬缓释胶囊', '1631229403381989378', '3900.00', '', '243a8bc7-f5e7-4a60-8d01-405ba60b7fb6.jpg', '用于退热、止痛', '1', '0', '2023-03-06 16:00:23', '2023-03-06 16:00:23', '1', '1', '0');
INSERT INTO `medicine` VALUES ('1632652840499535874', '布洛芬悬壶滴液', '1413341197421846529', '8200.00', '', '527fa220-1d88-4da9-9188-67b5c62648e9.jpg', '用于小儿退热止痛', '1', '0', '2023-03-06 16:02:25', '2023-03-06 16:05:20', '1', '1', '0');
INSERT INTO `medicine` VALUES ('1632655111618560002', '小儿豉翘清热颗粒(无蔗糖)', '1413341197421846529', '4800.00', '', '118ad682-3724-4c80-b002-674c0f8a83e2.jpg', '小儿风热感冒夹滞证 发热咳嗽 鼻塞流涕 腹胀 便秘 咽肿红痛 ', '1', '0', '2023-03-06 16:11:27', '2023-03-06 16:11:27', '1', '1', '0');
INSERT INTO `medicine` VALUES ('1632655735521280002', '回春散', '1413341197421846529', '4000.00', '', '91affcdd-4bda-459f-ae26-0d27740c2374.jpg', '清热定惊，驱风祛痰，用于小儿惊风，感冒发热，呕吐腹泻，咳嗽气喘 ', '1', '0', '2023-03-06 16:13:55', '2023-03-06 16:13:55', '1', '1', '0');
INSERT INTO `medicine` VALUES ('1632655985858314242', '小儿肺咳颗粒', '1413341197421846529', '3758.00', '', 'e4389a76-5e72-4022-a83c-0976123fa2b1.jpg', '用于脾肺不足 痰湿内壅所致咳嗽或痰多稠黄 咳吐不爽 气短 喘促', '1', '0', '2023-03-06 16:14:55', '2023-03-06 16:14:55', '1', '1', '0');
INSERT INTO `medicine` VALUES ('1632657113824100353', '小儿感冒灵颗粒', '1413341197421846529', '1250.00', '', 'f72fd895-b692-4118-bf4e-93108cad8e5d.jpg', '用于儿童感冒 风热感冒 发热头胀痛 鼻塞流鼻涕 咳嗽痰黏 咽喉肿痛', '1', '0', '2023-03-06 16:19:24', '2023-03-06 16:19:24', '1', '1', '0');
INSERT INTO `medicine` VALUES ('1632659702150070274', '桔贝止咳祛痰片', '1397844303408574465', '8730.00', '', '1b3d4080-d1e4-4423-a169-2425c4a74fe2.jpg', '清肺止咳化痰慢性支气管咳嗽痰多咽痛音哑胸满气短', '1', '0', '2023-03-06 16:29:41', '2023-03-06 16:32:13', '1', '1', '0');
INSERT INTO `medicine` VALUES ('1632666097947779074', ' 三九感冒灵颗粒', '1397844263642378242', '1460.00', '', 'ae8c5856-9e19-446c-ab77-b2d006923b63.jpg', '解热镇痛用于感冒引起的头痛发热鼻塞流涕咽痛 ', '1', '0', '2023-03-06 16:55:06', '2023-03-06 16:55:06', '1', '1', '0');
INSERT INTO `medicine` VALUES ('1632666899722543105', '都梁丸', '1397844263642378242', '9200.00', '', '061b1c83-5ed5-4db2-b0dd-2562596fc944.jpg', '风寒引起的鼻塞不通 偏正头痛 或伴寒热', '1', '0', '2023-03-06 16:58:17', '2023-03-06 16:58:17', '1', '1', '0');
INSERT INTO `medicine` VALUES ('1632667547574738945', ' 复方氨酚烷胺胶囊', '1397844263642378242', '1600.00', '', '9e67050f-3f1d-4935-9652-581fa6628be8.jpg', '成人感冒咳嗽退烧药含对乙酰氨基酚解热镇痛流行性感冒 头痛鼻塞 流涕 发热 咽痛 ', '1', '0', '2023-03-06 17:00:51', '2023-03-06 17:00:51', '1', '1', '0');
INSERT INTO `medicine` VALUES ('1632680586357252097', '蒲地蓝消炎口服液', '1397844303408574465', '2490.00', '', '57fe0cb5-c0ae-4bcd-a3fd-45bc97f2dfbb.jpg', '清热解毒 消肿利咽 用于疖肿 腮腺炎 咽炎 扁桃体炎 ', '1', '0', '2023-03-06 17:52:40', '2023-03-06 17:52:40', '1', '1', '0');
INSERT INTO `medicine` VALUES ('1632681972704747521', '双黄连口服液', '1397844303408574465', '2300.00', '', 'b24d6d2a-bd0e-464e-8472-77e34b00748c.jpg', '疏风解表 清热解毒 风热感冒所致的发热咳嗽咽痛 ', '1', '0', '2023-03-06 17:58:11', '2023-03-06 17:58:11', '1', '1', '0');
INSERT INTO `medicine` VALUES ('1632685474260721666', '板蓝根颗粒', '1397844303408574465', '2400.00', '', '5dd87ad8-e45f-4021-8e24-28ae8eeea27c.jpg', '利咽止渴', '1', '0', '2023-03-06 18:12:06', '2023-03-06 18:12:06', '1', '1', '0');
INSERT INTO `medicine` VALUES ('1632689792632233985', '清火栀麦片', '1397844303408574465', '370.00', '', 'b2e66b3f-ab5f-4d5f-b3ef-1958287d7435.jpg', '清热解毒、凉血消肿', '1', '0', '2023-03-06 18:29:15', '2023-03-06 18:29:15', '1', '1', '0');
INSERT INTO `medicine` VALUES ('1632952166815662081', '莲花清瘟胶囊', '1397844263642378242', '1390.00', '', 'fc045c3e-81b7-4524-82e0-fb1246f68158.jpg', '连花清瘟 清瘟解毒 宣肺泄热 流行性感冒 发烧或发热头痛咳嗽', '1', '0', '2023-03-07 11:51:50', '2023-03-07 11:51:50', '1', '1', '0');
INSERT INTO `medicine` VALUES ('1632953779613630465', '桑菊感冒片', '1397844263642378242', '3980.00', '', '67266ec3-c413-4798-8df8-ecd7dd01541a.jpg', '风热感冒喉咙痛头痛发烧咳嗽止咳化痰药疏风清热宣肺止咳风热感冒头痛咳嗽口干', '1', '0', '2023-03-07 11:58:15', '2023-03-07 11:58:15', '1', '1', '0');
INSERT INTO `medicine` VALUES ('1632954859151982594', '穿心莲片', '1397844303408574465', '1080.00', '', '1330e2e0-7fc0-4ca0-8526-d41bf64f4256.jpg', '清热解毒凉血发烧发热感冒药咽喉肿痛口舌生疮 ', '1', '0', '2023-03-07 12:02:32', '2023-03-07 12:02:32', '1', '1', '0');
INSERT INTO `medicine` VALUES ('1632955375932178434', '小柴胡颗粒', '1397844263642378242', '2900.00', '', 'ee06e4e7-5a5b-47be-b8a2-6df18e470887.jpg', '感冒药咳嗽发烧退烧药', '1', '0', '2023-03-07 12:04:35', '2023-03-07 12:04:35', '1', '1', '0');
INSERT INTO `medicine` VALUES ('1632965308954214402', '熊胆痔灵栓', '1397844303408574465', '2240.00', '', 'd6e84d17-ee99-4731-89db-2f7abeb61cf5.jpg', '清热解毒 消肿止痛 敛疮生肌', '1', '0', '2023-03-07 12:44:03', '2023-03-07 12:44:03', '1', '1', '0');
INSERT INTO `medicine` VALUES ('1632965463749197826', '牛黄解毒片', '1397844303408574465', '670.00', '', '9578bb9e-a066-445c-9107-91a4a6a284f4.jpg', '清热解毒 火热内盛 咽喉肿痛 牙龈肿痛 口舌生疮 目赤肿痛', '1', '0', '2023-03-07 12:44:40', '2023-03-07 12:44:40', '1', '1', '0');
INSERT INTO `medicine` VALUES ('1632965608381382658', '清开灵胶囊', '1397844303408574465', '2630.00', '', 'e3ddb4d8-0b60-4d87-b799-6fccda169d25.jpg', '清热解毒 镇静安神 咽喉肿痛 上呼吸道感染 病毒感冒 急性咽炎', '1', '0', '2023-03-07 12:45:15', '2023-03-07 12:45:15', '1', '1', '0');
INSERT INTO `medicine` VALUES ('1632965820483141634', '蒙脱石散', '1413341197421846529', '1900.00', '', '2d66a75a-2c03-43ee-84c6-74a3c2632633.jpg', '用于成人儿童急慢性腹泻', '1', '0', '2023-03-07 12:46:05', '2023-03-07 12:46:05', '1', '1', '0');
INSERT INTO `medicine` VALUES ('1632965963525685249', '肺力咳合剂', '1397844303408574465', '2970.00', '', 'd611754b-6226-4f25-8039-6ee2cf0fcff6.jpg', '久咳支气管哮喘气管炎儿童成人口服液', '1', '0', '2023-03-07 12:46:39', '2023-03-07 12:46:39', '1', '1', '0');
INSERT INTO `medicine` VALUES ('1632966130924552194', '三九胃泰颗粒', '1413342269393674242', '1350.00', '', 'e6d075fd-2eec-4c22-933a-17ee25ee8f4e.jpg', '胃药慢性胃炎药养胃肠胃消化胃胀气胃疼胃痛胃酸胃病恶心呕吐腹饱胀反酸浅表性胃炎', '1', '0', '2023-03-07 12:47:19', '2023-03-07 23:53:59', '1', '1', '0');

-- ----------------------------
-- Table structure for medicine_spec
-- ----------------------------
DROP TABLE IF EXISTS `medicine_spec`;
CREATE TABLE `medicine_spec` (
  `id` bigint NOT NULL COMMENT '主键',
  `medicine_id` bigint NOT NULL COMMENT '药品',
  `name` varchar(64) COLLATE utf8_bin NOT NULL COMMENT '药品规格',
  `value` varchar(500) COLLATE utf8_bin DEFAULT NULL COMMENT '药品规格数据list',
  `create_time` datetime NOT NULL COMMENT '创建时间',
  `update_time` datetime NOT NULL COMMENT '更新时间',
  `create_user` bigint NOT NULL COMMENT '创建人',
  `update_user` bigint NOT NULL COMMENT '修改人',
  `is_deleted` int NOT NULL DEFAULT '0' COMMENT '是否删除',
  PRIMARY KEY (`id`)
) ENGINE=InnoDB DEFAULT CHARSET=utf8mb3 COLLATE=utf8_bin COMMENT='药品药品规格关系表表';

-- ----------------------------
-- Records of medicine_spec
-- ----------------------------
INSERT INTO `medicine_spec` VALUES ('1397849417888346113', '1397849417854791681', '辣度', '[\"不辣\",\"微辣\",\"中辣\",\"重辣\"]', '2021-05-27 09:37:27', '2021-05-27 09:37:27', '1', '1', '0');
INSERT INTO `medicine_spec` VALUES ('1397849936421761025', '1397849936404983809', '忌口', '[\"不要葱\",\"不要蒜\",\"不要香菜\",\"不要辣\"]', '2021-05-27 09:39:30', '2021-05-27 09:39:30', '1', '1', '0');
INSERT INTO `medicine_spec` VALUES ('1397849936438538241', '1397849936404983809', '辣度', '[\"不辣\",\"微辣\",\"中辣\",\"重辣\"]', '2021-05-27 09:39:30', '2021-05-27 09:39:30', '1', '1', '0');
INSERT INTO `medicine_spec` VALUES ('1397850630734262274', '1397850630700707841', '忌口', '[\"不要葱\",\"不要蒜\",\"不要香菜\",\"不要辣\"]', '2021-05-27 09:42:16', '2021-05-27 09:42:16', '1', '1', '0');
INSERT INTO `medicine_spec` VALUES ('1397850630755233794', '1397850630700707841', '辣度', '[\"微辣\",\"中辣\",\"重辣\"]', '2021-05-27 09:42:16', '2021-05-27 09:42:16', '1', '1', '0');
INSERT INTO `medicine_spec` VALUES ('1397853423486414850', '1397853423461249026', '辣度', '[\"不辣\",\"微辣\",\"中辣\",\"重辣\"]', '2021-05-27 09:53:22', '2021-05-27 09:53:22', '1', '1', '0');
INSERT INTO `medicine_spec` VALUES ('1397854133632413697', '1397854133603053569', '温度', '[\"热饮\",\"常温\",\"去冰\",\"少冰\",\"多冰\"]', '2021-05-27 09:56:11', '2021-05-27 09:56:11', '1', '1', '0');
INSERT INTO `medicine_spec` VALUES ('1397855742303186946', '1397855742273826817', '辣度', '[\"不辣\",\"微辣\",\"中辣\",\"重辣\"]', '2021-05-27 10:02:35', '2021-05-27 10:02:35', '1', '1', '0');
INSERT INTO `medicine_spec` VALUES ('1397855906497605633', '1397855906468245506', '忌口', '[\"不要葱\",\"不要蒜\",\"不要香菜\",\"不要辣\"]', '2021-05-27 10:03:14', '2021-05-27 10:03:14', '1', '1', '0');
INSERT INTO `medicine_spec` VALUES ('1397856190573621250', '1397856190540066818', '辣度', '[\"不辣\",\"微辣\",\"中辣\",\"重辣\"]', '2021-05-27 10:04:21', '2021-05-27 10:04:21', '1', '1', '0');
INSERT INTO `medicine_spec` VALUES ('1397859056709316609', '1397859056684150785', '辣度', '[\"不辣\",\"微辣\",\"中辣\",\"重辣\"]', '2021-05-27 10:15:45', '2021-05-27 10:15:45', '1', '1', '0');
INSERT INTO `medicine_spec` VALUES ('1397859277837217794', '1397859277812051969', '辣度', '[\"不辣\",\"微辣\",\"中辣\",\"重辣\"]', '2021-05-27 10:16:37', '2021-05-27 10:16:37', '1', '1', '0');
INSERT INTO `medicine_spec` VALUES ('1397859487502086146', '1397859487476920321', '辣度', '[\"不辣\",\"微辣\",\"中辣\",\"重辣\"]', '2021-05-27 10:17:27', '2021-05-27 10:17:27', '1', '1', '0');
INSERT INTO `medicine_spec` VALUES ('1397859757061615618', '1397859757036449794', '甜味', '[\"无糖\",\"少糖\",\"半躺\",\"多糖\",\"全糖\"]', '2021-05-27 10:18:32', '2021-05-27 10:18:32', '1', '1', '0');
INSERT INTO `medicine_spec` VALUES ('1397861135754506242', '1397861135733534722', '甜味', '[\"无糖\",\"少糖\",\"半躺\",\"多糖\",\"全糖\"]', '2021-05-27 10:24:00', '2021-05-27 10:24:00', '1', '1', '0');
INSERT INTO `medicine_spec` VALUES ('1397861370035744769', '1397861370010578945', '辣度', '[\"不辣\",\"微辣\",\"中辣\",\"重辣\"]', '2021-05-27 10:24:56', '2021-05-27 10:24:56', '1', '1', '0');
INSERT INTO `medicine_spec` VALUES ('1397861898467717121', '1397861898438356993', '忌口', '[\"不要葱\",\"不要蒜\",\"不要香菜\",\"不要辣\"]', '2021-05-27 10:27:02', '2021-05-27 10:27:02', '1', '1', '0');
INSERT INTO `medicine_spec` VALUES ('1398089545865015297', '1398089545676271617', '温度', '[\"热饮\",\"常温\",\"去冰\",\"少冰\",\"多冰\"]', '2021-05-28 01:31:38', '2021-05-28 01:31:38', '1', '1', '0');
INSERT INTO `medicine_spec` VALUES ('1398089782323097601', '1398089782285348866', '辣度', '[\"不辣\",\"微辣\",\"中辣\",\"重辣\"]', '2021-05-28 01:32:34', '2021-05-28 01:32:34', '1', '1', '0');
INSERT INTO `medicine_spec` VALUES ('1398090003262255106', '1398090003228700673', '忌口', '[\"不要葱\",\"不要蒜\",\"不要香菜\",\"不要辣\"]', '2021-05-28 01:33:27', '2021-05-28 01:33:27', '1', '1', '0');
INSERT INTO `medicine_spec` VALUES ('1398090264554811394', '1398090264517062657', '忌口', '[\"不要葱\",\"不要蒜\",\"不要香菜\",\"不要辣\"]', '2021-05-28 01:34:29', '2021-05-28 01:34:29', '1', '1', '0');
INSERT INTO `medicine_spec` VALUES ('1398090455399837698', '1398090455324340225', '辣度', '[\"不辣\",\"微辣\",\"中辣\",\"重辣\"]', '2021-05-28 01:35:14', '2021-05-28 01:35:14', '1', '1', '0');
INSERT INTO `medicine_spec` VALUES ('1398090685449023490', '1398090685419663362', '温度', '[\"热饮\",\"常温\",\"去冰\",\"少冰\",\"多冰\"]', '2021-05-28 01:36:09', '2021-05-28 01:36:09', '1', '1', '0');
INSERT INTO `medicine_spec` VALUES ('1398090825358422017', '1398090825329061889', '忌口', '[\"不要葱\",\"不要蒜\",\"不要香菜\",\"不要辣\"]', '2021-05-28 01:36:43', '2021-05-28 01:36:43', '1', '1', '0');
INSERT INTO `medicine_spec` VALUES ('1398091007051476993', '1398091007017922561', '辣度', '[\"不辣\",\"微辣\",\"中辣\",\"重辣\"]', '2021-05-28 01:37:26', '2021-05-28 01:37:26', '1', '1', '0');
INSERT INTO `medicine_spec` VALUES ('1398091296164851713', '1398091296131297281', '辣度', '[\"不辣\",\"微辣\",\"中辣\",\"重辣\"]', '2021-05-28 01:38:35', '2021-05-28 01:38:35', '1', '1', '0');
INSERT INTO `medicine_spec` VALUES ('1398091546531246081', '1398091546480914433', '忌口', '[\"不要葱\",\"不要蒜\",\"不要香菜\",\"不要辣\"]', '2021-05-28 01:39:35', '2021-05-28 01:39:35', '1', '1', '0');
INSERT INTO `medicine_spec` VALUES ('1398091729809747969', '1398091729788776450', '辣度', '[\"不辣\",\"微辣\",\"中辣\",\"重辣\"]', '2021-05-28 01:40:18', '2021-05-28 01:40:18', '1', '1', '0');
INSERT INTO `medicine_spec` VALUES ('1398091889499484161', '1398091889449152513', '辣度', '[\"不辣\",\"微辣\",\"中辣\",\"重辣\"]', '2021-05-28 01:40:56', '2021-05-28 01:40:56', '1', '1', '0');
INSERT INTO `medicine_spec` VALUES ('1398092095179763713', '1398092095142014978', '辣度', '[\"不辣\",\"微辣\",\"中辣\",\"重辣\"]', '2021-05-28 01:41:45', '2021-05-28 01:41:45', '1', '1', '0');
INSERT INTO `medicine_spec` VALUES ('1398092283877306370', '1398092283847946241', '辣度', '[\"不辣\",\"微辣\",\"中辣\",\"重辣\"]', '2021-05-28 01:42:30', '2021-05-28 01:42:30', '1', '1', '0');
INSERT INTO `medicine_spec` VALUES ('1398094018939236354', '1398094018893099009', '辣度', '[\"不辣\",\"微辣\",\"中辣\",\"重辣\"]', '2021-05-28 01:49:24', '2021-05-28 01:49:24', '1', '1', '0');
INSERT INTO `medicine_spec` VALUES ('1398094391494094850', '1398094391456346113', '辣度', '[\"不辣\",\"微辣\",\"中辣\",\"重辣\"]', '2021-05-28 01:50:53', '2021-05-28 01:50:53', '1', '1', '0');
INSERT INTO `medicine_spec` VALUES ('1399574026165727233', '1399305325713600514', '辣度', '[\"不辣\",\"微辣\",\"中辣\",\"重辣\"]', '2021-06-01 03:50:25', '2021-06-01 03:50:25', '1399309715396669441', '1399309715396669441', '0');
INSERT INTO `medicine_spec` VALUES ('1632645791422193665', '1632643404913516546', '盒装(片)', '[\"8片/盒\",\"12片/盒\",\"16片/盒\",\"20片/盒\"]', '2023-03-06 15:34:24', '2023-03-06 15:34:24', '1', '1', '0');
INSERT INTO `medicine_spec` VALUES ('1632651778505957377', '1632651556673413121', '盒装(粒)', '[\"6粒/盒\",\"8粒/盒\",\"12粒/盒\",\"16粒/盒\",\"20粒/盒\"]', '2023-03-06 15:58:12', '2023-03-06 15:58:12', '1', '1', '0');
INSERT INTO `medicine_spec` VALUES ('1632652329427787777', '1632652329398427650', '盒装(粒)', '[\"6粒/盒\",\"8粒/盒\",\"12粒/盒\",\"16粒/盒\",\"20粒/盒\"]', '2023-03-06 16:00:23', '2023-03-06 16:00:23', '1', '1', '0');
INSERT INTO `medicine_spec` VALUES ('1632653575119175681', '1632652840499535874', '瓶装(ml)', '[\"25ml/瓶\",\"50ml/瓶\",\"75ml/瓶\",\"100ml/瓶\"]', '2023-03-06 16:05:20', '2023-03-06 16:05:20', '1', '1', '0');
INSERT INTO `medicine_spec` VALUES ('1632655111673085953', '1632655111618560002', '袋装', '[\"6袋/盒\",\"8袋/盒\",\"10袋/盒\",\"12袋/盒\"]', '2023-03-06 16:11:27', '2023-03-06 16:11:27', '1', '1', '0');
INSERT INTO `medicine_spec` VALUES ('1632655735563223042', '1632655735521280002', '袋装', '[\"6袋/盒\",\"8袋/盒\",\"10袋/盒\",\"12袋/盒\"]', '2023-03-06 16:13:55', '2023-03-06 16:13:55', '1', '1', '0');
INSERT INTO `medicine_spec` VALUES ('1632655985887674369', '1632655985858314242', '袋装', '[\"6袋/盒\",\"8袋/盒\",\"10袋/盒\",\"12袋/盒\"]', '2023-03-06 16:14:55', '2023-03-06 16:14:55', '1', '1', '0');
INSERT INTO `medicine_spec` VALUES ('1632657113853460482', '1632657113824100353', '袋装', '[\"6袋/盒\",\"8袋/盒\",\"10袋/盒\",\"12袋/盒\"]', '2023-03-06 16:19:24', '2023-03-06 16:19:24', '1', '1', '0');
INSERT INTO `medicine_spec` VALUES ('1632660340393123842', '1632659702150070274', '盒装(片)', '[\"8片/盒\",\"12片/盒\",\"16片/盒\",\"20片/盒\"]', '2023-03-06 16:32:13', '2023-03-06 16:32:13', '1', '1', '0');
INSERT INTO `medicine_spec` VALUES ('1632660610804097025', '1632651166292762625', '盒装(粒)', '[\"6粒/盒\",\"8粒/盒\",\"12粒/盒\",\"16粒/盒\",\"20粒/盒\"]', '2023-03-06 16:33:18', '2023-03-06 16:33:18', '1', '1', '0');
INSERT INTO `medicine_spec` VALUES ('1632660708539768834', '1632650283114930177', '瓶装(粒)', '[\"50粒/瓶\",\"100粒/瓶\",\"150粒/瓶\",\"200粒/瓶\"]', '2023-03-06 16:33:41', '2023-03-06 16:33:41', '1', '1', '0');
INSERT INTO `medicine_spec` VALUES ('1632666098006499329', '1632666097947779074', '袋装', '[\"6袋/盒\",\"8袋/盒\",\"10袋/盒\",\"12袋/盒\"]', '2023-03-06 16:55:06', '2023-03-06 16:55:06', '1', '1', '0');
INSERT INTO `medicine_spec` VALUES ('1632666899751903234', '1632666899722543105', '盒装(粒)', '[\"6粒/盒\",\"8粒/盒\",\"12粒/盒\",\"16粒/盒\",\"20粒/盒\"]', '2023-03-06 16:58:17', '2023-03-06 16:58:17', '1', '1', '0');
INSERT INTO `medicine_spec` VALUES ('1632667547625070593', '1632667547574738945', '盒装(粒)', '[\"6粒/盒\",\"8粒/盒\",\"12粒/盒\",\"16粒/盒\",\"20粒/盒\"]', '2023-03-06 17:00:52', '2023-03-06 17:00:52', '1', '1', '0');
INSERT INTO `medicine_spec` VALUES ('1632680586466304001', '1632680586357252097', '瓶装(ml)', '[\"25ml/瓶\",\"50ml/瓶\",\"75ml/瓶\",\"100ml/瓶\"]', '2023-03-06 17:52:40', '2023-03-06 17:52:40', '1', '1', '0');
INSERT INTO `medicine_spec` VALUES ('1632681972746690561', '1632681972704747521', '瓶装(ml)', '[\"25ml/瓶\",\"50ml/瓶\",\"75ml/瓶\",\"100ml/瓶\"]', '2023-03-06 17:58:11', '2023-03-06 17:58:11', '1', '1', '0');
INSERT INTO `medicine_spec` VALUES ('1632685474302664706', '1632685474260721666', '袋装', '[\"6袋/盒\",\"8袋/盒\",\"10袋/盒\",\"12袋/盒\"]', '2023-03-06 18:12:06', '2023-03-06 18:12:06', '1', '1', '0');
INSERT INTO `medicine_spec` VALUES ('1632689792695148546', '1632689792632233985', '盒装(片)', '[\"8片/盒\",\"12片/盒\",\"16片/盒\",\"20片/盒\"]', '2023-03-06 18:29:15', '2023-03-06 18:29:15', '1', '1', '0');
INSERT INTO `medicine_spec` VALUES ('1632692931305414658', '1397851099502260226', '盒装(片)', '[\"8片/盒\",\"12片/盒\",\"16片/盒\",\"20片/盒\"]', '2023-03-06 18:41:43', '2023-03-06 18:41:43', '1', '1', '0');
INSERT INTO `medicine_spec` VALUES ('1632693008468025346', '1397850851245600769', '盒装(粒)', '[\"6粒/盒\",\"8粒/盒\",\"12粒/盒\",\"16粒/盒\",\"20粒/盒\"]', '2023-03-06 18:42:02', '2023-03-06 18:42:02', '1', '1', '0');
INSERT INTO `medicine_spec` VALUES ('1632693561847717889', '1397850392090947585', '盒装(片)', '[\"8片/盒\",\"12片/盒\",\"16片/盒\",\"20片/盒\"]', '2023-03-06 18:44:14', '2023-03-06 18:44:14', '1', '1', '0');
INSERT INTO `medicine_spec` VALUES ('1632693836830482434', '1397850140982161409', '盒装(片)', '[\"8片/盒\",\"12片/盒\",\"16片/盒\",\"20片/盒\"]', '2023-03-08 15:36:06', '2023-03-08 15:36:06', '1631852373347459073', '1631852373347459073', '0');
INSERT INTO `medicine_spec` VALUES ('1632694048491839489', '1397849739276890114', '盒装(片)', '[\"8片/盒\",\"12片/盒\",\"16片/盒\",\"20片/盒\"]', '2023-03-06 18:46:10', '2023-03-06 18:46:10', '1', '1', '0');
INSERT INTO `medicine_spec` VALUES ('1632697922770444289', '1397844339276890114', '盒装(片)', '[\"8片/盒\",\"12片/盒\",\"16片/盒\",\"20片/盒\"]', '2023-03-06 19:01:34', '2023-03-06 19:01:34', '1', '1', '0');
INSERT INTO `medicine_spec` VALUES ('1632698467254018050', '1397851099802260226', '盒装(片)', '[\"8片/盒\",\"12片/盒\",\"16片/盒\",\"20片/盒\"]', '2023-03-06 19:03:43', '2023-03-06 19:03:43', '1', '1', '0');
INSERT INTO `medicine_spec` VALUES ('1632698782275608577', '1397850851245340769', '盒装(粒)', '[\"6粒/盒\",\"8粒/盒\",\"12粒/盒\",\"16粒/盒\",\"20粒/盒\"]', '2023-03-06 19:04:58', '2023-03-06 19:04:58', '1', '1', '0');
INSERT INTO `medicine_spec` VALUES ('1632699124690198529', '1397850312090947585', '盒装(片)', '[\"8片/盒\",\"12片/盒\",\"16片/盒\",\"20片/盒\"]', '2023-03-06 19:06:20', '2023-03-06 19:06:20', '1', '1', '0');
INSERT INTO `medicine_spec` VALUES ('1632699518006861825', '1397823140982161409', '盒装(粒)', '[\"6粒/盒\",\"8粒/盒\",\"12粒/盒\",\"16粒/盒\",\"20粒/盒\"]', '2023-03-06 19:07:54', '2023-03-06 19:07:54', '1', '1', '0');
INSERT INTO `medicine_spec` VALUES ('1632952167008600066', '1632952166815662081', '盒装(粒)', '[\"6粒/盒\",\"8粒/盒\",\"12粒/盒\",\"16粒/盒\",\"20粒/盒\"]', '2023-03-07 11:51:50', '2023-03-07 11:51:50', '1', '1', '0');
INSERT INTO `medicine_spec` VALUES ('1632953779663962114', '1632953779613630465', '瓶装(片)', '[\"50片/瓶\",\"100片/瓶\",\"150片/瓶\",\"200片/瓶\"]', '2023-03-07 11:58:15', '2023-03-07 11:58:15', '1', '1', '0');
INSERT INTO `medicine_spec` VALUES ('1632954859181342722', '1632954859151982594', '瓶装(片)', '[\"50片/瓶\",\"100片/瓶\",\"150片/瓶\",\"200片/瓶\"]', '2023-03-07 12:02:32', '2023-03-07 12:02:32', '1', '1', '0');
INSERT INTO `medicine_spec` VALUES ('1632955375965732866', '1632955375932178434', '袋装', '[\"6袋/盒\",\"8袋/盒\",\"10袋/盒\",\"12袋/盒\"]', '2023-03-07 12:04:35', '2023-03-07 12:04:35', '1', '1', '0');
INSERT INTO `medicine_spec` VALUES ('1632965309017128962', '1632965308954214402', '盒装(粒)', '[\"6粒/盒\",\"8粒/盒\",\"12粒/盒\",\"16粒/盒\",\"20粒/盒\"]', '2023-03-07 12:44:03', '2023-03-07 12:44:03', '1', '1', '0');
INSERT INTO `medicine_spec` VALUES ('1632965463749197827', '1632965463749197826', '盒装(片)', '[\"8片/盒\",\"12片/盒\",\"16片/盒\",\"20片/盒\"]', '2023-03-07 12:44:40', '2023-03-07 12:44:40', '1', '1', '0');
INSERT INTO `medicine_spec` VALUES ('1632965608381382659', '1632965608381382658', '盒装(粒)', '[\"6粒/盒\",\"8粒/盒\",\"12粒/盒\",\"16粒/盒\",\"20粒/盒\"]', '2023-03-07 12:45:15', '2023-03-07 12:45:15', '1', '1', '0');
INSERT INTO `medicine_spec` VALUES ('1632965820499918850', '1632965820483141634', '袋装', '[\"6袋/盒\",\"8袋/盒\",\"10袋/盒\",\"12袋/盒\"]', '2023-03-07 12:46:05', '2023-03-07 12:46:05', '1', '1', '0');
INSERT INTO `medicine_spec` VALUES ('1632965963542462465', '1632965963525685249', '瓶装(ml)', '[\"25ml/瓶\",\"50ml/瓶\",\"75ml/瓶\",\"100ml/瓶\"]', '2023-03-07 12:46:39', '2023-03-07 12:46:39', '1', '1', '0');
INSERT INTO `medicine_spec` VALUES ('1632966130941329410', '1632966130924552194', '袋装', '[\"6袋/盒\",\"8袋/盒\",\"10袋/盒\",\"12袋/盒\"]', '2023-03-07 23:53:59', '2023-03-07 23:53:59', '1', '1', '0');

-- ----------------------------
-- Table structure for orders
-- ----------------------------
DROP TABLE IF EXISTS `orders`;
CREATE TABLE `orders` (
  `id` bigint NOT NULL COMMENT '主键',
  `number` varchar(50) COLLATE utf8_bin DEFAULT NULL COMMENT '订单号',
  `status` int NOT NULL DEFAULT '1' COMMENT '订单状态 1待付款，2待派送，3已派送，4已完成，5已取消',
  `user_id` bigint NOT NULL COMMENT '下单用户',
  `address_book_id` bigint NOT NULL COMMENT '地址id',
  `order_time` datetime NOT NULL COMMENT '下单时间',
  `checkout_time` datetime NOT NULL COMMENT '结账时间',
  `pay_method` int NOT NULL DEFAULT '1' COMMENT '支付方式 1微信,2支付宝',
  `amount` decimal(10,2) NOT NULL COMMENT '实收金额',
  `remark` varchar(100) COLLATE utf8_bin DEFAULT NULL COMMENT '备注',
  `phone` varchar(255) COLLATE utf8_bin DEFAULT NULL,
  `address` varchar(255) COLLATE utf8_bin DEFAULT NULL,
  `user_name` varchar(255) COLLATE utf8_bin DEFAULT NULL,
  `consignee` varchar(255) COLLATE utf8_bin DEFAULT NULL,
  PRIMARY KEY (`id`)
) ENGINE=InnoDB DEFAULT CHARSET=utf8mb3 COLLATE=utf8_bin COMMENT='订单表';

-- ----------------------------
-- Records of orders
-- ----------------------------
INSERT INTO `orders` VALUES ('1632328909456445442', '1632328909456445442', '4', '1631852373347459073', '1632328423420497921', '2023-03-05 18:35:14', '2023-03-05 18:35:14', '1', '968.00', '', '18777776666', '河南省郑州市', null, '周宇豪');
INSERT INTO `orders` VALUES ('1632333140611645441', '1632333140611645441', '4', '1631852373347459073', '1632328423420497921', '2023-03-05 18:52:03', '2023-03-05 18:52:03', '1', '514.00', '', '18777776666', '河南省郑州市', null, '周宇豪');
INSERT INTO `orders` VALUES ('1632355986574532610', '1632355986574532610', '4', '1631852373347459073', '1632328423420497921', '2023-03-05 20:22:50', '2023-03-05 20:22:50', '1', '1110.00', '', '18777776666', '河南省郑州市', null, '周宇豪');
INSERT INTO `orders` VALUES ('1632356247732871169', '1632356247732871169', '2', '1631852373347459073', '1632328423420497921', '2023-03-05 20:23:52', '2023-03-05 20:23:52', '1', '238.00', '', '18777776666', '河南省郑州市', null, '周宇豪');
INSERT INTO `orders` VALUES ('1632357299341312002', '1632357299341312002', '4', '1631852373347459073', '1632328423420497921', '2023-03-05 20:28:03', '2023-03-05 20:28:03', '1', '238.00', '', '18777776666', '河南省郑州市', null, '周宇豪');
INSERT INTO `orders` VALUES ('1632358723282354177', '1632358723282354177', '2', '1631852373347459073', '1632328423420497921', '2023-03-05 20:33:42', '2023-03-05 20:33:42', '1', '506.00', '', '18777776666', '河南省郑州市', null, '周宇豪');
INSERT INTO `orders` VALUES ('1632661760903225345', '1632661760903225345', '2', '1632661282240864258', '1632661728158294017', '2023-03-06 16:37:52', '2023-03-06 16:37:52', '1', '87.00', '', '18777776666', '河南', '萧炎', '周睡觉难受');
INSERT INTO `orders` VALUES ('1633375930825129986', '1633375930825129986', '2', '1632661282240864258', '1632661573577220098', '2023-03-08 15:55:43', '2023-03-08 15:55:43', '1', '57.00', '你还', '18777776666', 'a', '萧炎', 'q');
INSERT INTO `orders` VALUES ('1633380490192896002', '1633380490192896002', '2', '1631852373347459073', '1632328423420497921', '2023-03-08 16:13:50', '2023-03-08 16:13:50', '1', '200.00', '', '18777776666', '河南省郑州市', 'yukong', '周宇豪');
INSERT INTO `orders` VALUES ('1633381220094066690', '1633381220094066690', '2', '1631852373347459073', '1632328423420497921', '2023-03-08 16:16:44', '2023-03-08 16:16:44', '1', '29.00', '', '18777776666', '河南省郑州市', 'yukong', '周宇豪');
INSERT INTO `orders` VALUES ('1633384281235587074', '1633384281235587074', '2', '1631852373347459073', '1632328423420497921', '2023-03-08 16:28:54', '2023-03-08 16:28:54', '1', '305.00', '', '18777776666', '河南省郑州市', 'yukong', '周宇豪');
INSERT INTO `orders` VALUES ('1633399568567750657', '1633399568567750657', '2', '1632661282240864258', '1632661728158294017', '2023-03-08 17:29:39', '2023-03-08 17:29:39', '1', '493.00', '', '18777776666', '河南', '萧炎', '周睡觉难受');
INSERT INTO `orders` VALUES ('1633400430937624577', '1633400430937624577', '2', '1632661282240864258', '1632661728158294017', '2023-03-08 17:33:05', '2023-03-08 17:33:05', '1', '68.00', '快快', '18777776666', '河南', '萧炎', '铃木');
INSERT INTO `orders` VALUES ('1634067851054706690', '1634067851054706690', '2', '1631852373347459073', '1633393406791135234', '2023-03-10 13:45:10', '2023-03-10 13:45:10', '1', '29.00', '', '18777776666', '郑州', 'yukong', '韩');
INSERT INTO `orders` VALUES ('1634132245453225985', '1634132245453225985', '2', '1631852373347459073', '1632328423420497921', '2023-03-10 18:01:03', '2023-03-10 18:01:03', '1', '359.00', '', '18777776666', '河南省郑州市', 'yukong', '周宇豪');

-- ----------------------------
-- Table structure for order_detail
-- ----------------------------
DROP TABLE IF EXISTS `order_detail`;
CREATE TABLE `order_detail` (
  `id` bigint NOT NULL COMMENT '主键',
  `name` varchar(50) COLLATE utf8_bin DEFAULT NULL COMMENT '名字',
  `image` varchar(100) COLLATE utf8_bin DEFAULT NULL COMMENT '图片',
  `order_id` bigint NOT NULL COMMENT '订单id',
  `medicine_id` bigint DEFAULT NULL COMMENT '药品id',
  `medicine_spec` varchar(50) COLLATE utf8_bin DEFAULT NULL COMMENT '口味',
  `number` int NOT NULL DEFAULT '1' COMMENT '数量',
  `amount` decimal(10,2) NOT NULL COMMENT '金额',
  PRIMARY KEY (`id`)
) ENGINE=InnoDB DEFAULT CHARSET=utf8mb3 COLLATE=utf8_bin COMMENT='订单明细表';

-- ----------------------------
-- Records of order_detail
-- ----------------------------
INSERT INTO `order_detail` VALUES ('1632328909489999874', '大唐西药', '6b5a50e8-48a7-4d52-885d-bf129ca0ebca.jpg', '1632328909456445442', '1632292188966645761', '半糖,35mg/支', '1', '100.00');
INSERT INTO `order_detail` VALUES ('1632328909506777089', '邵阳猪血丸子', '1049c95c-3f4e-4957-89eb-3ee8b4c2e68a.jpg', '1632328909456445442', '1397851370462687234', '重辣', '2', '138.00');
INSERT INTO `order_detail` VALUES ('1632328909506777090', '口味蛇', '0f4bd884-dc9c-4cf9-b59e-7d5958fec3dd.jpg', '1632328909456445442', '1397851668262465537', '少冰', '2', '168.00');
INSERT INTO `order_detail` VALUES ('1632328909506777091', '维C银翘片', '057dd338-e487-4bbc-a74c-0384c44a9ca3.jpg', '1632328909456445442', '1397850851245600769', '不要辣,重辣', '2', '128.00');
INSERT INTO `order_detail` VALUES ('1632333140682948609', '大唐西药', '6b5a50e8-48a7-4d52-885d-bf129ca0ebca.jpg', '1632333140611645441', '1632292188966645761', '多糖,35mg/支', '1', '100.00');
INSERT INTO `order_detail` VALUES ('1632333140682948610', '邵阳猪血丸子', '1049c95c-3f4e-4957-89eb-3ee8b4c2e68a.jpg', '1632333140611645441', '1397851370462687234', '中辣', '3', '138.00');
INSERT INTO `order_detail` VALUES ('1632355986650030081', '大唐西药', '6b5a50e8-48a7-4d52-885d-bf129ca0ebca.jpg', '1632355986574532610', '1632292188966645761', '多糖,35mg/支', '3', '100.00');
INSERT INTO `order_detail` VALUES ('1632355986666807298', '邵阳猪血丸子', '1049c95c-3f4e-4957-89eb-3ee8b4c2e68a.jpg', '1632355986574532610', '1397851370462687234', '重辣', '1', '138.00');
INSERT INTO `order_detail` VALUES ('1632355986666807299', '口味蛇', '0f4bd884-dc9c-4cf9-b59e-7d5958fec3dd.jpg', '1632355986574532610', '1397851668262465537', '少冰', '4', '168.00');
INSERT INTO `order_detail` VALUES ('1632356247749648385', '大唐西药', '6b5a50e8-48a7-4d52-885d-bf129ca0ebca.jpg', '1632356247732871169', '1632292188966645761', '多糖,35mg/支', '1', '100.00');
INSERT INTO `order_detail` VALUES ('1632356247749648386', '邵阳猪血丸子', '1049c95c-3f4e-4957-89eb-3ee8b4c2e68a.jpg', '1632356247732871169', '1397851370462687234', '重辣', '1', '138.00');
INSERT INTO `order_detail` VALUES ('1632357299391643650', '大唐西药', '6b5a50e8-48a7-4d52-885d-bf129ca0ebca.jpg', '1632357299341312002', '1632292188966645761', '多糖,35mg/支', '1', '100.00');
INSERT INTO `order_detail` VALUES ('1632357299391643651', '邵阳猪血丸子', '1049c95c-3f4e-4957-89eb-3ee8b4c2e68a.jpg', '1632357299341312002', '1397851370462687234', '中辣', '1', '138.00');
INSERT INTO `order_detail` VALUES ('1632358723311714305', '大唐西药', '6b5a50e8-48a7-4d52-885d-bf129ca0ebca.jpg', '1632358723282354177', '1632292188966645761', '半糖,35mg/支', '2', '100.00');
INSERT INTO `order_detail` VALUES ('1632358723311714306', '邵阳猪血丸子', '1049c95c-3f4e-4957-89eb-3ee8b4c2e68a.jpg', '1632358723282354177', '1397851370462687234', '重辣', '1', '138.00');
INSERT INTO `order_detail` VALUES ('1632358723311714307', '口味蛇', '0f4bd884-dc9c-4cf9-b59e-7d5958fec3dd.jpg', '1632358723282354177', '1397851668262465537', '少冰', '1', '168.00');
INSERT INTO `order_detail` VALUES ('1632661760949362689', '桔贝止咳祛痰片', '1b3d4080-d1e4-4423-a169-2425c4a74fe2.jpg', '1632661760903225345', '1632659702150070274', '16片/盒', '1', '87.30');
INSERT INTO `order_detail` VALUES ('1633375930904821762', '蒙脱石散', '2d66a75a-2c03-43ee-84c6-74a3c2632633.jpg', '1633375930825129986', '1632965820483141634', '10袋/盒', '3', '19.00');
INSERT INTO `order_detail` VALUES ('1633380490285170689', '清开灵胶囊', 'e3ddb4d8-0b60-4d87-b799-6fccda169d25.jpg', '1633380490192896002', '1632965608381382658', '20粒/盒', '4', '26.30');
INSERT INTO `order_detail` VALUES ('1633380490285170690', '小柴胡颗粒', 'ee06e4e7-5a5b-47be-b8a2-6df18e470887.jpg', '1633380490192896002', '1632955375932178434', '10袋/盒', '1', '29.00');
INSERT INTO `order_detail` VALUES ('1633380490285170691', '桑菊感冒片', '67266ec3-c413-4798-8df8-ecd7dd01541a.jpg', '1633380490192896002', '1632953779613630465', '200片/瓶', '1', '39.80');
INSERT INTO `order_detail` VALUES ('1633380490285170692', '莲花清瘟胶囊', 'fc045c3e-81b7-4524-82e0-fb1246f68158.jpg', '1633380490192896002', '1632952166815662081', '8粒/盒', '2', '13.90');
INSERT INTO `order_detail` VALUES ('1633381220156981249', '小柴胡颗粒', 'ee06e4e7-5a5b-47be-b8a2-6df18e470887.jpg', '1633381220094066690', '1632955375932178434', '10袋/盒', '1', '29.00');
INSERT INTO `order_detail` VALUES ('1633384281306890241', '肺力咳合剂', 'd611754b-6226-4f25-8039-6ee2cf0fcff6.jpg', '1633384281235587074', '1632965963525685249', '25ml/瓶', '4', '29.70');
INSERT INTO `order_detail` VALUES ('1633384281306890242', '小柴胡颗粒', 'ee06e4e7-5a5b-47be-b8a2-6df18e470887.jpg', '1633384281235587074', '1632955375932178434', '8袋/盒', '6', '29.00');
INSERT INTO `order_detail` VALUES ('1633384281306890243', '莲花清瘟胶囊', 'fc045c3e-81b7-4524-82e0-fb1246f68158.jpg', '1633384281235587074', '1632952166815662081', '12粒/盒', '1', '13.90');
INSERT INTO `order_detail` VALUES ('1633399568613888002', '小柴胡颗粒', 'ee06e4e7-5a5b-47be-b8a2-6df18e470887.jpg', '1633399568567750657', '1632955375932178434', '6袋/盒', '8', '29.00');
INSERT INTO `order_detail` VALUES ('1633399568630665218', '莲花清瘟胶囊', 'fc045c3e-81b7-4524-82e0-fb1246f68158.jpg', '1633399568567750657', '1632952166815662081', '16粒/盒', '2', '13.90');
INSERT INTO `order_detail` VALUES ('1633399568630665219', '都梁软胶囊', '97380471-4ed0-47b6-99f2-ad27de9c8372.jpg', '1633399568567750657', '1632650283114930177', '150粒/瓶', '3', '65.00');
INSERT INTO `order_detail` VALUES ('1633399568630665220', '桑菊感冒片', '67266ec3-c413-4798-8df8-ecd7dd01541a.jpg', '1633399568567750657', '1632953779613630465', '200片/瓶', '1', '39.80');
INSERT INTO `order_detail` VALUES ('1633400430937624578', '小柴胡颗粒', 'ee06e4e7-5a5b-47be-b8a2-6df18e470887.jpg', '1633400430937624577', '1632955375932178434', '10袋/盒', '1', '29.00');
INSERT INTO `order_detail` VALUES ('1633400430954401793', '桑菊感冒片', '67266ec3-c413-4798-8df8-ecd7dd01541a.jpg', '1633400430937624577', '1632953779613630465', '200片/瓶', '1', '39.80');
INSERT INTO `order_detail` VALUES ('1634067851117621249', '小柴胡颗粒', 'ee06e4e7-5a5b-47be-b8a2-6df18e470887.jpg', '1634067851054706690', '1632955375932178434', '10袋/盒', '1', '29.00');
INSERT INTO `order_detail` VALUES ('1634132245541306370', '肺力咳合剂', 'd611754b-6226-4f25-8039-6ee2cf0fcff6.jpg', '1634132245453225985', '1632965963525685249', '75ml/瓶', '1', '29.70');
INSERT INTO `order_detail` VALUES ('1634132245549694977', '清开灵胶囊', 'e3ddb4d8-0b60-4d87-b799-6fccda169d25.jpg', '1634132245453225985', '1632965608381382658', '20粒/盒', '2', '26.30');
INSERT INTO `order_detail` VALUES ('1634132245549694978', '牛黄解毒片', '9578bb9e-a066-445c-9107-91a4a6a284f4.jpg', '1634132245453225985', '1632965463749197826', '12片/盒', '1', '6.70');
INSERT INTO `order_detail` VALUES ('1634132245549694979', '硝苯地平控释片', 'd5de48a0-e1d6-4c19-b8f7-8872ad3c600b.jpg', '1634132245453225985', '1397850140982161409', '16片/盒', '4', '68.00');

-- ----------------------------
-- Table structure for shopping_cart
-- ----------------------------
DROP TABLE IF EXISTS `shopping_cart`;
CREATE TABLE `shopping_cart` (
  `id` bigint NOT NULL COMMENT '主键',
  `name` varchar(50) COLLATE utf8_bin DEFAULT NULL COMMENT '名称',
  `image` varchar(100) COLLATE utf8_bin DEFAULT NULL COMMENT '图片',
  `user_id` bigint NOT NULL COMMENT '主键',
  `medicine_id` bigint DEFAULT NULL COMMENT '药品id',
  `medicine_spec` varchar(50) COLLATE utf8_bin DEFAULT NULL COMMENT '药品规格',
  `number` int NOT NULL DEFAULT '1' COMMENT '数量',
  `amount` decimal(10,2) NOT NULL COMMENT '金额',
  `create_time` datetime DEFAULT NULL COMMENT '创建时间',
  PRIMARY KEY (`id`)
) ENGINE=InnoDB DEFAULT CHARSET=utf8mb3 COLLATE=utf8_bin COMMENT='购物车';

-- ----------------------------
-- Records of shopping_cart
-- ----------------------------

-- ----------------------------
-- Table structure for user
-- ----------------------------
DROP TABLE IF EXISTS `user`;
CREATE TABLE `user` (
  `id` bigint NOT NULL COMMENT '主键',
  `name` varchar(50) COLLATE utf8_bin DEFAULT NULL COMMENT '姓名',
  `phone` varchar(100) COLLATE utf8_bin NOT NULL COMMENT '手机号',
  `sex` varchar(2) COLLATE utf8_bin DEFAULT NULL COMMENT '性别',
  `id_number` varchar(18) COLLATE utf8_bin DEFAULT NULL COMMENT '身份证号',
  `avatar` varchar(500) COLLATE utf8_bin DEFAULT NULL COMMENT '头像',
  `status` int DEFAULT '0' COMMENT '状态 0:禁用，1:正常',
  PRIMARY KEY (`id`)
) ENGINE=InnoDB DEFAULT CHARSET=utf8mb3 COLLATE=utf8_bin COMMENT='用户信息';

-- ----------------------------
-- Records of user
-- ----------------------------
INSERT INTO `user` VALUES ('1631852373347459073', 'yukong', '18622223333', null, null, null, '1');
INSERT INTO `user` VALUES ('1632661282240864258', '萧炎', '15611112222', null, null, null, '1');
